route_id,agency_id,route_short_name,route_long_name,route_desc,route_type,route_url,route_color,route_text_color
100001,1,"1","","Kinnear - Downtown Seattle",3,https://kingcounty.gov/en/dept/metro/routes-and-service/schedules-and-maps/001.html,FDB71A,
100002,1,"10","","Capitol Hill - Downtown Seattle",3,https://kingcounty.gov/en/dept/metro/routes-and-service/schedules-and-maps/010.html,FDB71A,
100003,1,"101","","Renton Transit Center - Downtown Seattle",3,https://kingcounty.gov/en/dept/metro/routes-and-service/schedules-and-maps/101.html,FDB71A,
100004,1,"105","","Renton Highlands - Renton Transit Center",3,https://kingcounty.gov/en/dept/metro/routes-and-service/schedules-and-maps/105.html,FDB71A,
100005,1,"106","","Renton Transit Center - Skyway - Downtown Seattle",3,https://kingcounty.gov/en/dept/metro/routes-and-service/schedules-and-maps/106.html,FDB71A,
100006,1,"107","","Renton Transit Center - Rainier Beach",3,https://kingcounty.gov/en/dept/metro/routes-and-service/schedules-and-maps/107.html,FDB71A,
100009,1,"11","","Madison Park - Capitol Hill - Downtown Seattle",3,https://kingcounty.gov/en/dept/metro/routes-and-service/schedules-and-maps/011.html,FDB71A,
100011,1,"111","","Lake Kathleen - Downtown Seattle",3,https://kingcounty.gov/en/dept/metro/routes-and-service/schedules-and-maps/111.html,FDB71A,
100012,1,"113","","Shorewood - Downtown Seattle",3,https://kingcounty.gov/en/dept/metro/routes-and-service/schedules-and-maps/113.html,FDB71A,
100016,1,"118","","Tahlequah - Vashon - Downtown Seattle",3,https://kingcounty.gov/en/dept/metro/routes-and-service/schedules-and-maps/118.html,FDB71A,
100017,1,"119","","Dockton - Vashon - Downtown Seattle",3,https://kingcounty.gov/en/dept/metro/routes-and-service/schedules-and-maps/119.html,FDB71A,
100018,1,"12","","Interlaken Park - Capitol Hill - Downtown Seattle",3,https://kingcounty.gov/en/dept/metro/routes-and-service/schedules-and-maps/012.html,FDB71A,
100023,1,"124","","Tukwila International Blvd Sta - Downtown Seattle",3,https://kingcounty.gov/en/dept/metro/routes-and-service/schedules-and-maps/124.html,FDB71A,
100024,1,"125","","Westwood Vill - S Seattle Coll - Downtown Seattle",3,https://kingcounty.gov/en/dept/metro/routes-and-service/schedules-and-maps/125.html,FDB71A,
100026,1,"128","","Southcenter - Alaska Junction - Admiral District",3,https://kingcounty.gov/en/dept/metro/routes-and-service/schedules-and-maps/128.html,FDB71A,
100028,1,"13","","Seattle Pacific - Downtown Seattle",3,https://kingcounty.gov/en/dept/metro/routes-and-service/schedules-and-maps/013.html,FDB71A,
100030,1,"131","","Burien TC - Georgetown - Downtown Seattle",3,https://kingcounty.gov/en/dept/metro/routes-and-service/schedules-and-maps/131.html,FDB71A,
100031,1,"132","","Burien TC - South Park - Downtown Seattle",3,https://kingcounty.gov/en/dept/metro/routes-and-service/schedules-and-maps/132.html,FDB71A,
100039,1,"14","","Mt Baker - Downtown Seattle",3,https://kingcounty.gov/en/dept/metro/routes-and-service/schedules-and-maps/014.html,FDB71A,
100042,1,"148","","Fairwood - Renton Transit Center",3,https://kingcounty.gov/en/dept/metro/routes-and-service/schedules-and-maps/148.html,FDB71A,
100045,1,"150","","Kent Station - Southcenter - Downtown Seattle",3,https://kingcounty.gov/en/dept/metro/routes-and-service/schedules-and-maps/150.html,FDB71A,
100048,1,"153","","Kent Sounder Station - Renton Transit Center",3,https://kingcounty.gov/en/dept/metro/routes-and-service/schedules-and-maps/153.html,FDB71A,
100060,1,"168","","Maple Valley - Kent Sounder Station",3,https://kingcounty.gov/en/dept/metro/routes-and-service/schedules-and-maps/168.html,FDB71A,
100062,1,"17","","Loyal Heights-Sunset Hill-Ballard-Downtown Seattle",3,https://kingcounty.gov/en/dept/metro/routes-and-service/schedules-and-maps/017.html,FDB71A,
100068,1,"177","","Federal Way S 320th P&R - Downtown Seattle",3,https://kingcounty.gov/en/dept/metro/routes-and-service/schedules-and-maps/177.html,FDB71A,
100072,1,"181","","Twin Lakes P&R - Auburn Station - Green River Coll",3,https://kingcounty.gov/en/dept/metro/routes-and-service/schedules-and-maps/181.html,FDB71A,
100073,1,"182","","Northeast Tacoma - Federal Way",3,https://kingcounty.gov/en/dept/metro/routes-and-service/schedules-and-maps/182.html,FDB71A,
100074,1,"183","","Federal Way - Star Lake - Kent Station",3,https://kingcounty.gov/en/dept/metro/routes-and-service/schedules-and-maps/183.html,FDB71A,
100089,1,"2","","West Queen Anne - Downtown Seattle - Madrona Park",3,https://kingcounty.gov/en/dept/metro/routes-and-service/schedules-and-maps/002.html,FDB71A,
100099,1,"208","","North Bend - Issaquah Transit Center",3,https://kingcounty.gov/en/dept/metro/routes-and-service/schedules-and-maps/208.html,FDB71A,
100101,1,"21","","Arbor Heights-Westwood Village-Downtown Seattle",3,https://kingcounty.gov/en/dept/metro/routes-and-service/schedules-and-maps/021.html,FDB71A,
100104,1,"212","","Eastgate P&R - Downtown Seattle",3,https://kingcounty.gov/en/dept/metro/routes-and-service/schedules-and-maps/212.html,FDB71A,
100111,1,"22","","Westwood Villge-Shorewood-Gatewood-Alaska Junction",3,https://kingcounty.gov/en/dept/metro/routes-and-service/schedules-and-maps/022.html,FDB71A,
100132,1,"24","","West Magnolia - Downtown Seattle",3,https://kingcounty.gov/en/dept/metro/routes-and-service/schedules-and-maps/024.html,FDB71A,
100133,1,"240","","Bellevue TC-South Bellevue-Eastgate-Renton TC",3,https://kingcounty.gov/en/dept/metro/routes-and-service/schedules-and-maps/240.html,FDB71A,
100136,1,"245","","Kirkland Transit Center - Eastgate P&R",3,https://kingcounty.gov/en/dept/metro/routes-and-service/schedules-and-maps/245.html,FDB71A,
100146,1,"255","","Totem Lake TC-Kirkand TC-UW Link Sta-Univ Dist",3,https://kingcounty.gov/en/dept/metro/routes-and-service/schedules-and-maps/255.html,FDB71A,
100160,1,"269","","Issaquah Transit Center - Marymoor Village Station",3,https://kingcounty.gov/en/dept/metro/routes-and-service/schedules-and-maps/269.html,FDB71A,
100161,1,"27","","Colman Park - Downtown Seattle",3,https://kingcounty.gov/en/dept/metro/routes-and-service/schedules-and-maps/027.html,FDB71A,
100162,1,"271","","Issaquah - University District",3,https://kingcounty.gov/en/dept/metro/routes-and-service/schedules-and-maps/271.html,FDB71A,
100169,1,"28","","Whittier Heights - Fremont - Downtown Seattle",3,https://kingcounty.gov/en/dept/metro/routes-and-service/schedules-and-maps/028.html,FDB71A,
100173,1,"3","","Summit - Downtown Seattle - Madrona",3,https://kingcounty.gov/en/dept/metro/routes-and-service/schedules-and-maps/003.html,FDB71A,
100177,1,"303","","Aurora Village - Northgate Station - First Hill",3,https://kingcounty.gov/en/dept/metro/routes-and-service/schedules-and-maps/303.html,FDB71A,
100184,1,"31","","Children's Hospital - Fremont - Central Magnolia",3,https://kingcounty.gov/en/dept/metro/routes-and-service/schedules-and-maps/031.html,FDB71A,
100193,1,"32","","Children's Hospital - Fremont -Seattle Center West",3,https://kingcounty.gov/en/dept/metro/routes-and-service/schedules-and-maps/032.html,FDB71A,
100194,1,"33","","Discovery Park - Downtown Seattle",3,https://kingcounty.gov/en/dept/metro/routes-and-service/schedules-and-maps/033.html,FDB71A,
100196,1,"331","","Shoreline Comm Coll-Aurora Village TC-Kenmore P&R",3,https://kingcounty.gov/en/dept/metro/routes-and-service/schedules-and-maps/331.html,FDB71A,
100202,1,"345","","Shoreline South/148th Station - Northgate Station",3,https://kingcounty.gov/en/dept/metro/routes-and-service/schedules-and-maps/345.html,FDB71A,
100203,1,"346","","Aurora Village TC - Shoreline South/148th Station",3,https://kingcounty.gov/en/dept/metro/routes-and-service/schedules-and-maps/346.html,FDB71A,
100205,1,"348","","Richmond Beach - Shoreline North - Northgate",3,https://kingcounty.gov/en/dept/metro/routes-and-service/schedules-and-maps/348.html,FDB71A,
100210,1,"36","","Othello Station - Beacon Hill - Downtown Seattle",3,https://kingcounty.gov/en/dept/metro/routes-and-service/schedules-and-maps/036.html,FDB71A,
100214,1,"372","","UW/Cascadia College - University District",3,https://kingcounty.gov/en/dept/metro/routes-and-service/schedules-and-maps/372.html,FDB71A,
100219,1,"4","","East Queen Anne - Downtown Seattle - Judkins Park",3,https://kingcounty.gov/en/dept/metro/routes-and-service/schedules-and-maps/004.html,FDB71A,
100223,1,"43","","Univ Dist-Montlake-Capitol Hill-Downtown Seattle",3,https://kingcounty.gov/en/dept/metro/routes-and-service/schedules-and-maps/043.html,FDB71A,
100224,1,"44","","Ballard - Montlake",3,https://kingcounty.gov/en/dept/metro/routes-and-service/schedules-and-maps/044.html,FDB71A,
100225,1,"45","","Loyal Heights - University District",3,https://kingcounty.gov/en/dept/metro/routes-and-service/schedules-and-maps/045.html,FDB71A,
100228,1,"48","","Mt Baker - University District",3,https://kingcounty.gov/en/dept/metro/routes-and-service/schedules-and-maps/048.html,FDB71A,
100229,1,"5","","Shoreline CC - Greenwood - Seattle",3,https://kingcounty.gov/en/dept/metro/routes-and-service/schedules-and-maps/005.html,FDB71A,
100230,1,"50","","West Seattle - SODO - Beacon Hill - Columbia City",3,https://kingcounty.gov/en/dept/metro/routes-and-service/schedules-and-maps/050.html,FDB71A,
100232,40,"522","","Woodinville - Roosevelt Link Station",3,https://www.soundtransit.org/522,2B376E,
100236,40,"545","","Redmond - Seattle",3,https://www.soundtransit.org/545,2B376E,
100239,40,"550","","Bellevue - Seattle",3,https://www.soundtransit.org/550,2B376E,
100240,40,"554","","Issaquah - Seattle",3,https://www.soundtransit.org/554,2B376E,
100242,1,"56","","Alki - Admiral District - Downtown Seattle",3,https://kingcounty.gov/en/dept/metro/routes-and-service/schedules-and-maps/056.html,FDB71A,
100246,1,"57","","Alaska Junction - Genesee Hill - Admiral District",3,https://kingcounty.gov/en/dept/metro/routes-and-service/schedules-and-maps/057.html,FDB71A,
100249,1,"60","","Westwood Village - Georgetown - Broadway",3,https://kingcounty.gov/en/dept/metro/routes-and-service/schedules-and-maps/060.html,FDB71A,
100252,1,"62","","Sand Point - Green Lake - Downtown Seattle",3,https://kingcounty.gov/en/dept/metro/routes-and-service/schedules-and-maps/062.html,FDB71A,
100254,1,"65","","Lake City  - University District",3,https://kingcounty.gov/en/dept/metro/routes-and-service/schedules-and-maps/065.html,FDB71A,
100259,1,"67","","Northgate - Roosevelt - University District",3,https://kingcounty.gov/en/dept/metro/routes-and-service/schedules-and-maps/067.html,FDB71A,
100263,1,"7","","Prentice St - Rainier Beach - Downtown Seattle",3,https://kingcounty.gov/en/dept/metro/routes-and-service/schedules-and-maps/007.html,FDB71A,
100264,1,"70","","University District - Eastlake - Downtown Seattle",3,https://kingcounty.gov/en/dept/metro/routes-and-service/schedules-and-maps/070.html,FDB71A,
100269,1,"75","","Northgate - Lake City - Sand Point - Univ District",3,https://kingcounty.gov/en/dept/metro/routes-and-service/schedules-and-maps/075.html,FDB71A,
100272,1,"773","","Seacrest Park - West Seattle Junction",3,https://kingcounty.gov/en/dept/metro/routes-and-service/schedules-and-maps/773.html,,
100275,1,"8","","Seattle Center - Capitol Hill - Rainier Beach",3,https://kingcounty.gov/en/dept/metro/routes-and-service/schedules-and-maps/008.html,FDB71A,
100289,1,"9","","Rainier Beach - Columbia City - Broadway",3,https://kingcounty.gov/en/dept/metro/routes-and-service/schedules-and-maps/009.html,FDB71A,
100290,1,"901","","Mirror Lake - Federal Way",3,https://kingcounty.gov/en/dept/metro/routes-and-service/schedules-and-maps/901.html,,
100292,1,"903","","Twin Lakes - Federal Way",3,https://kingcounty.gov/en/dept/metro/routes-and-service/schedules-and-maps/903.html,,
100297,1,"914","","Downtown Kent - Kent East Hill",3,https://kingcounty.gov/en/dept/metro/routes-and-service/schedules-and-maps/914.html,,
100300,1,"917","","Pacific - Algona - Auburn Station",3,https://kingcounty.gov/en/dept/metro/routes-and-service/schedules-and-maps/917.html,,
100336,1,"973","","Water Taxi: West Seattle - Downtown Seattle",4,http://www.kingcounty.gov/transportation/kcdot/WaterTaxi.aspx,4298CC,
100337,1,"975","","Water Taxi: Vashon Island - Downtown Seattle",4,http://www.kingcounty.gov/transportation/kcdot/WaterTaxi.aspx,32CD32,
100340,23,"South Lake Union Streetcar","","Streetcar: Fairview/Aloha - Westlake/McGraw",0,https://www.seattle.gov/transportation/getting-around/transit/streetcar/south-lake-union-line,F47836,
100341,1,"982","","Bear Creek P&R - Lakeside School",3,https://kingcounty.gov/en/dept/metro/routes-and-service/schedules-and-maps/982.html,FDB71A,
100344,1,"986","","Kirkland - Lakeside School",3,https://kingcounty.gov/en/dept/metro/routes-and-service/schedules-and-maps/986.html,FDB71A,
100345,1,"987","","Rainier Beach - Lakeside School",3,https://kingcounty.gov/en/dept/metro/routes-and-service/schedules-and-maps/987.html,FDB71A,
100346,1,"988","","Madrona - Lakeside School",3,https://kingcounty.gov/en/dept/metro/routes-and-service/schedules-and-maps/988.html,FDB71A,
100347,1,"989","","Eastgate - Lakeside School",3,https://kingcounty.gov/en/dept/metro/routes-and-service/schedules-and-maps/989.html,FDB71A,
100447,1,"49","","Univ District - Broadway - Downtown Seattle",3,https://kingcounty.gov/en/dept/metro/routes-and-service/schedules-and-maps/049.html,FDB71A,
100451,40,"556","","Issaquah-University District",3,https://www.soundtransit.org/556,2B376E,
100459,1,"218","","Issaquah Highlands - Downtown Seattle",3,https://kingcounty.gov/en/dept/metro/routes-and-service/schedules-and-maps/218.html,FDB71A,
100473,1,"981","","Lakeside School - Houghton P&R",3,https://kingcounty.gov/en/dept/metro/routes-and-service/schedules-and-maps/981.html,FDB71A,
100481,1,"775","","Seacrest Park - Admiral District - Alki",3,https://kingcounty.gov/en/dept/metro/routes-and-service/schedules-and-maps/775.html,,
100487,1,"102","","Fairwood - Downtown Seattle",3,https://kingcounty.gov/en/dept/metro/routes-and-service/schedules-and-maps/102.html,FDB71A,
100489,1,"156","","Southcenter - SeaTac - Des Moines - Highline Coll",3,https://kingcounty.gov/en/dept/metro/routes-and-service/schedules-and-maps/156.html,FDB71A,
100495,1,"193","","Federal Way S 320th P&R-Federal Way -First Hill",3,https://kingcounty.gov/en/dept/metro/routes-and-service/schedules-and-maps/193.html,FDB71A,
100496,1,"930","","Kingsgate P&R - Redmond Town Center",3,https://kingcounty.gov/en/dept/metro/routes-and-service/schedules-and-maps/930.html,,
100511,40,"542","","Redmond - University District",3,https://www.soundtransit.org/542,2B376E,
100512,1,"A Line","","Federal Way - SeaTac - Tukwila Intl Blvd Sta",3,https://kingcounty.gov/en/dept/metro/routes-and-service/schedules-and-maps/a-line.html,9C182F,
102548,1,"B Line","","Redmond TC - Overlake TC - Bellevue TC",3,https://kingcounty.gov/en/dept/metro/routes-and-service/schedules-and-maps/b-line.html,9C182F,
102552,1,"226","","South Bellevue - Eastgate P&R - Bellevue TC",3,https://kingcounty.gov/en/dept/metro/routes-and-service/schedules-and-maps/226.html,FDB71A,
102555,1,"893","","Forbes Crk - Kirkland - Lk WA HS",3,https://kingcounty.gov/en/dept/metro/routes-and-service/schedules-and-maps/893.html,FDB71A,
102557,1,"915","","Enumclaw - Auburn Station",3,https://kingcounty.gov/en/dept/metro/routes-and-service/schedules-and-maps/915.html,,
102558,1,"931","","UW/Cascadia College - Duvall",3,https://kingcounty.gov/en/dept/metro/routes-and-service/schedules-and-maps/931.html,,
102561,1,"907","","Enumclaw - Renton TC",3,https://kingcounty.gov/en/dept/metro/routes-and-service/schedules-and-maps/907.html,,
102574,1,"40","","Northgte-Ballard-Fremont-Westlake-Downtown Seattle",3,https://kingcounty.gov/en/dept/metro/routes-and-service/schedules-and-maps/040.html,FDB71A,
102576,1,"C Line","","Westwood Village - Downtown Seattle",3,https://kingcounty.gov/en/dept/metro/routes-and-service/schedules-and-maps/c-line.html,9C182F,
102581,1,"D Line","","Blue Ridge/Crown Hill - Ballard - Downtown Seattle",3,https://kingcounty.gov/en/dept/metro/routes-and-service/schedules-and-maps/d-line.html,9C182F,
102593,1,"906","","Fairwood - Southcenter - Tukwila Sounder Station",3,https://kingcounty.gov/en/dept/metro/routes-and-service/schedules-and-maps/906.html,,
102615,1,"E Line","","Aurora Village Transit Center - Downtown Seattle",3,https://kingcounty.gov/en/dept/metro/routes-and-service/schedules-and-maps/e-line.html,9C182F,
102619,1,"F Line","","Burien TC - Tukwila Intl Blvd Sta - Renton Landing",3,https://kingcounty.gov/en/dept/metro/routes-and-service/schedules-and-maps/f-line.html,9C182F,
102628,1,"895","","Ardmore Park - Lake WA HS",3,https://kingcounty.gov/en/dept/metro/routes-and-service/schedules-and-maps/895.html,FDB71A,
102634,1,"630","","So Mercer Island - First Hill - Downtown Seattle",3,https://kingcounty.gov/en/dept/metro/routes-and-service/schedules-and-maps/630.html,,
102636,1,"631","","Gregory Heights - Burien Transit Center",3,https://kingcounty.gov/en/dept/metro/routes-and-service/schedules-and-maps/631.html,,
102638,23,"First Hill Streetcar","","Streetcar: Pioneer Square - Capitol Hill",0,https://www.seattle.gov/transportation/getting-around/transit/streetcar/first-hill-line,F47836,
102647,1,"635","","Des Moines Marina District - Angle Lake Station",3,https://kingcounty.gov/en/dept/metro/routes-and-service/schedules-and-maps/635.html,,
102652,1,"204","","S Mercer Island-Island Crest Way-Mercer Island P&R",3,https://kingcounty.gov/en/dept/metro/routes-and-service/schedules-and-maps/204.html,,
102653,1,"224","","Duvall - Redmond Transit Center",3,https://kingcounty.gov/en/dept/metro/routes-and-service/schedules-and-maps/224.html,,
102698,1,"Duvall-Monroe Shuttle","","Duvall - Monroe Shuttle",3,https://svtbus.org/get-a-ride/duvall-monroe-shuttle/,,
102699,1,"Valley Shuttle","","No. Bend-Snoqualmie-Fall City-Carnation-Duvall",3,https://svtbus.org/get-a-ride/valley-shuttle/,,
102701,1,"225","","Kenmore - Totem Lake TC - Overlake",3,https://kingcounty.gov/en/dept/metro/routes-and-service/schedules-and-maps/225.html,FDB71A,
102702,1,"239","","UW/Cascadia Coll - Totem Lake TC - Kirkland TC",3,https://kingcounty.gov/en/dept/metro/routes-and-service/schedules-and-maps/239.html,FDB71A,
102703,1,"231","","Woodinville - Brickyard - Juanita - Kirkland TC",3,https://kingcounty.gov/en/dept/metro/routes-and-service/schedules-and-maps/231.html,FDB71A,
102704,1,"250","","Avondale -  Redmond TC - Kirkland TC - Bellevue TC",3,https://kingcounty.gov/en/dept/metro/routes-and-service/schedules-and-maps/250.html,FDB71A,
102705,1,"230","","North Creek - Bothell - Juanita - Kirkland TC",3,https://kingcounty.gov/en/dept/metro/routes-and-service/schedules-and-maps/230.html,FDB71A,
102715,1,"162","","Lake Meridian P&R - Downtown Seattle",3,https://kingcounty.gov/en/dept/metro/routes-and-service/schedules-and-maps/162.html,FDB71A,
102717,1,"165","","Green River College - Kent - Des Moines - Burien",3,https://kingcounty.gov/en/dept/metro/routes-and-service/schedules-and-maps/165.html,FDB71A,
102718,1,"184","","Auburn Station - White River Junction",3,https://kingcounty.gov/en/dept/metro/routes-and-service/schedules-and-maps/184.html,FDB71A,
102719,1,"161","","Burien - Kent Station",3,https://kingcounty.gov/en/dept/metro/routes-and-service/schedules-and-maps/161.html,FDB71A,
102720,1,"160","","Renton TC - Kent Station - Auburn Station",3,https://kingcounty.gov/en/dept/metro/routes-and-service/schedules-and-maps/160.html,FDB71A,
102729,1,"322","","Kenmore P&R - 12 Av/E Terrace St",3,https://kingcounty.gov/en/dept/metro/routes-and-service/schedules-and-maps/322.html,FDB71A,
102732,1,"79","","Greenlake - University District",3,https://kingcounty.gov/en/dept/metro/routes-and-service/schedules-and-maps/079.html,FDB71A,
102734,40,"566","","Auburn - Redmond",3,https://www.soundtransit.org/566,2B376E,
102736,1,"H Line","","Burien TC - Westwood Village - Downtown Seattle",3,https://kingcounty.gov/en/dept/metro/routes-and-service/schedules-and-maps/h-line.html,9C182F,
102744,1,"365","","Northgate Station - Shoreline Link Stations",3,https://kingcounty.gov/en/dept/metro/routes-and-service/schedules-and-maps/365.html,FDB71A,
102745,1,"G Line","","Madison Valley - Downtown Seattle",3,https://kingcounty.gov/en/dept/metro/routes-and-service/schedules-and-maps/g-line.html,9C182F,
102746,1,"333","","Shoreline South/148 - Mountlake Terrace Station",3,https://kingcounty.gov/en/dept/metro/routes-and-service/schedules-and-maps/333.html,FDB71A,
102747,1,"61","","Lake City - Northgate - Greenwood",3,https://kingcounty.gov/en/dept/metro/routes-and-service/schedules-and-maps/061.html,FDB71A,
102752,1,"223","","Eastgate P&R - Downtown Redmond Station",3,https://kingcounty.gov/en/dept/metro/routes-and-service/schedules-and-maps/223.html,FDB71A,
102753,1,"222","","Redmond Technology - Education Hill - Cottage Lake",3,https://kingcounty.gov/en/dept/metro/routes-and-service/schedules-and-maps/222.html,FDB71A,
102754,1,"256","","Woodinville - Downtown Seattle",3,https://kingcounty.gov/en/dept/metro/routes-and-service/schedules-and-maps/256.html,FDB71A,
102755,1,"203","","Issaquah Highlands - South Bellevue Station",3,https://kingcounty.gov/en/dept/metro/routes-and-service/schedules-and-maps/203.html,FDB71A,
102756,1,"249","","Spring District Station - South Bellevue Station",3,https://kingcounty.gov/en/dept/metro/routes-and-service/schedules-and-maps/249.html,FDB71A,
102757,1,"187","","Federal Way - Twin Lakes",3,https://kingcounty.gov/en/dept/metro/routes-and-service/schedules-and-maps/187.html,FDB71A,
